{
  "optimization": {
    "n_restarts": 5,
    "n_iterations": 8,
    "best_val_loss": 2.051344156265259
  },
  "training": {
    "accuracy": [
      0.5816347599029541,
      0.6617253422737122,
      0.6691372990608215,
      0.6631665825843811
    ],
    "val_accuracy": [
      0.34269005060195923,
      0.38479530811309814,
      0.6970760226249695,
      0.3766081929206848
    ],
    "loss": [
      5.237129211425781,
      2.0444674491882324,
      1.7793750762939453,
      1.7222726345062256
    ],
    "val_loss": [
      3.5996718406677246,
      2.6345057487487793,
      1.8572810888290405,
      2.612173080444336
    ]
  }
}