{
  "optimization": {
    "iterations": [
      0,
      1,
      2,
      3,
      4,
      5,
      6,
      7,
      8
    ],
    "temperatures": [
      1.0,
      0.85,
      0.7224999999999999,
      0.6141249999999999,
      0.5220062499999999,
      0.4437053124999999,
      0.3771495156249999,
      0.32057708828124987,
      0.2724905250390624
    ],
    "scores": [
      0.7029239535331726,
      0.6315789222717285,
      0.7356725335121155,
      0.6280701756477356,
      0.7415204644203186,
      0.7871345281600952,
      0.6888889074325562,
      0.6456140279769897,
      0.5918128490447998
    ],
    "best_scores": [
      0.7029239535331726,
      0.7029239535331726,
      0.7356725335121155,
      0.7356725335121155,
      0.7415204644203186,
      0.7871345281600952,
      0.7871345281600952,
      0.7871345281600952,
      0.7871345281600952
    ]
  },
  "training": {
    "accuracy": [
      0.5585752725601196,
      0.6263125538825989,
      0.6129298210144043,
      0.6184887886047363,
      0.6055178046226501,
      0.6193123459815979,
      0.6298126578330994,
      0.636195182800293,
      0.6452542543411255,
      0.6611076593399048,
      0.6497837901115417,
      0.6596664786338806,
      0.6604900360107422,
      0.6582252383232117,
      0.6621371507644653,
      0.7053737044334412,
      0.6919909119606018,
      0.7187564373016357
    ],
    "val_accuracy": [
      0.2549707591533661,
      0.4444444477558136,
      0.5906432867050171,
      0.24093566834926605,
      0.5380116701126099,
      0.39298245310783386,
      0.31812864542007446,
      0.6760233640670776,
      0.5625730752944946,
      0.5497075915336609,
      0.4853801131248474,
      0.6362572908401489,
      0.5964912176132202,
      0.6421052813529968,
      0.3017543852329254,
      0.46081870794296265,
      0.5730994343757629,
      0.6187134385108948
    ],
    "loss": [
      45.48750686645508,
      4.689367294311523,
      5.42957067489624,
      4.2472734451293945,
      4.936598300933838,
      4.7381181716918945,
      6.265678405761719,
      6.296755313873291,
      4.21574068069458,
      4.545525550842285,
      4.907574653625488,
      3.5656020641326904,
      4.208596706390381,
      4.643614292144775,
      6.402927398681641,
      3.637092351913452,
      2.94295334815979,
      2.9282939434051514
    ],
    "val_loss": [
      6.5662617683410645,
      4.558709621429443,
      5.487737655639648,
      5.183382511138916,
      4.6590776443481445,
      5.534145355224609,
      20.92041015625,
      4.31492805480957,
      7.048945426940918,
      3.8623335361480713,
      4.307083606719971,
      4.228780746459961,
      3.9927773475646973,
      4.4998016357421875,
      9.06071662902832,
      4.088277816772461,
      2.9359984397888184,
      3.8105580806732178
    ]
  }
}