{
  "optimization": {
    "algorithm": "Simulated Annealing",
    "max_iterations": 8,
    "initial_temperature": 1.0,
    "cooling_rate": 0.85,
    "best_val_accuracy_during_search": 0.7871345281600952,
    "best_parameters": {
      "learning_rate": 0.00810028590599102,
      "dropout_rate": 0.32805763064237214,
      "l2_reg": 0.008249402727293739,
      "filter1": 34,
      "filter2": 64,
      "filter3": 482,
      "dense_units": 200
    }
  },
  "final_model": {
    "test_accuracy": 0.6781083345413208,
    "test_loss": 4.301506042480469,
    "val_accuracy": 0.6760233640670776,
    "best_epoch": 8,
    "training_time_seconds": 643.6198754310608
  },
  "class_names": [
    "glioma",
    "meningioma",
    "notumor",
    "pituitary"
  ]
}