Model,Test Accuracy (%),Val Accuracy (%)
Baseline,77.65064835548401,78.36257219314575
Tabu-Optimized,70.48054933547974,74.15204644203186
Improvement,-7.1700990200042725,-4.210525751113892
