{
  "learning_rate": 0.008457502952512344,
  "dropout_rate": 0.22609091265141662,
  "l2_reg": 0.0023981218006766353,
  "filter1": 103,
  "filter2": 68,
  "filter3": 384,
  "dense_units": 384
}