{
  "optimization": {
    "iterations": [
      0,
      1,
      2,
      3,
      4,
      5,
      6,
      7,
      8
    ],
    "current_scores": [
      0.7099415063858032,
      0.8222222328186035,
      0.8105263113975525,
      0.8128654956817627,
      0.0,
      0.0,
      0.0,
      0.0,
      0.0
    ],
    "best_scores": [
      0.7099415063858032,
      0.8222222328186035,
      0.8222222328186035,
      0.8222222328186035,
      0.8222222328186035,
      0.8222222328186035,
      0.8222222328186035,
      0.8222222328186035,
      0.8222222328186035
    ],
    "move_types": [
      "start",
      "filter3",
      "dense_units",
      "learning_rate",
      "dropout_rate",
      "dense_units",
      "l2_reg",
      "filter1",
      "dropout_rate"
    ],
    "tabu_sizes": [
      1,
      2,
      3,
      3,
      3,
      3,
      3,
      3,
      3
    ]
  },
  "training": {
    "accuracy": [
      0.5748404264450073,
      0.6217830181121826,
      0.6252831220626831,
      0.6324892044067383,
      0.6444306969642639,
      0.6501955986022949,
      0.6380481719970703,
      0.6440189480781555,
      0.6413424015045166,
      0.6549310088157654,
      0.6637842059135437,
      0.6648136973381042,
      0.6633724570274353,
      0.665637195110321,
      0.6629606485366821,
      0.6691372990608215,
      0.6781964302062988,
      0.674078643321991,
      0.6765493154525757,
      0.6781964302062988,
      0.6816965341567993,
      0.6928144693374634,
      0.6845789551734924,
      0.7158740162849426,
      0.7206094264984131,
      0.7189623117446899,
      0.7152563333511353,
      0.71772700548172,
      0.7173151969909668,
      0.735845148563385,
      0.7241095304489136,
      0.7401688098907471,
      0.7294626235961914,
      0.742845356464386,
      0.7481984496116638,
      0.7521103620529175,
      0.7490220069885254,
      0.749845564365387
    ],
    "val_accuracy": [
      0.2584795355796814,
      0.42456141114234924,
      0.4000000059604645,
      0.35438597202301025,
      0.46432748436927795,
      0.36023393273353577,
      0.5380116701126099,
      0.4035087823867798,
      0.4502924084663391,
      0.6152046918869019,
      0.5146198868751526,
      0.5976608395576477,
      0.47251462936401367,
      0.3637426793575287,
      0.6432748436927795,
      0.6409356594085693,
      0.5695906281471252,
      0.7099415063858032,
      0.34970760345458984,
      0.5204678177833557,
      0.4456140398979187,
      0.5485380291938782,
      0.4830409288406372,
      0.7181286811828613,
      0.5426900386810303,
      0.5742689967155457,
      0.6923976540565491,
      0.7415204644203186,
      0.5134502649307251,
      0.5497075915336609,
      0.6923976540565491,
      0.6830409169197083,
      0.6853801012039185,
      0.5766081809997559,
      0.6479532122612,
      0.7040935754776001,
      0.5847952961921692,
      0.546198844909668
    ],
    "loss": [
      2.920684337615967,
      1.520651936531067,
      1.4035722017288208,
      1.3590434789657593,
      1.3057926893234253,
      1.3003699779510498,
      1.2420507669448853,
      1.1996387243270874,
      1.1977659463882446,
      1.1801379919052124,
      1.094071865081787,
      1.037734866142273,
      1.004440426826477,
      0.97022944688797,
      0.9620023369789124,
      0.9614814519882202,
      0.9304684996604919,
      0.9320706725120544,
      0.9480764865875244,
      0.9396188259124756,
      0.9323951005935669,
      0.9189628958702087,
      0.9046640396118164,
      0.836652934551239,
      0.806860625743866,
      0.7985354065895081,
      0.7955492734909058,
      0.7854342460632324,
      0.7923226356506348,
      0.7678744196891785,
      0.7727925181388855,
      0.7526198625564575,
      0.7660451531410217,
      0.7235241532325745,
      0.706670880317688,
      0.6972978711128235,
      0.7006803750991821,
      0.6870394349098206
    ],
    "val_loss": [
      3.0492656230926514,
      1.8887842893600464,
      1.8884624242782593,
      1.745193600654602,
      1.5931063890457153,
      1.7229413986206055,
      1.4526640176773071,
      1.9188164472579956,
      1.5764453411102295,
      1.2563517093658447,
      1.4170576333999634,
      1.2309433221817017,
      1.4157122373580933,
      2.006143093109131,
      1.0485895872116089,
      1.082821249961853,
      1.2460577487945557,
      0.9534072875976562,
      2.258288860321045,
      1.2475433349609375,
      1.5191428661346436,
      1.2140816450119019,
      1.714202880859375,
      0.9250696897506714,
      1.4178917407989502,
      1.1097331047058105,
      0.8797321319580078,
      0.8066544532775879,
      1.2530373334884644,
      1.334652304649353,
      0.8569522500038147,
      0.8290127515792847,
      0.8555071353912354,
      1.2283105850219727,
      1.170652985572815,
      0.8743639588356018,
      1.1364203691482544,
      1.2123140096664429
    ]
  }
}