Model,Test Accuracy (%),Val Accuracy (%)
Baseline,77.65064835548401,78.36257219314575
PSO-Optimized,55.07246255874634,68.77192854881287
Improvement,-22.57818579673767,-9.590643644332886
