{
  "optimization": {
    "iterations": [
      1,
      2,
      3,
      4,
      5,
      6,
      7,
      8
    ],
    "best_scores": [
      0.567251443862915,
      0.567251443862915,
      0.567251443862915,
      0.567251443862915,
      0.6795321702957153,
      0.6795321702957153,
      0.8011695742607117,
      0.8011695742607117
    ],
    "mean_scores": [
      0.4230019450187683,
      0.10487328966458638,
      0.4943469862143199,
      0.5025341014067332,
      0.22651072343190512,
      0.5037036935488383,
      0.6152046720186869,
      0.5469785432020823
    ],
    "std_scores": [
      0.12859233514962157,
      0.1483132285743402,
      0.08088705421882625,
      0.05961725140011566,
      0.32033453710034143,
      0.10703440990379236,
      0.16057362061440356,
      0.12842556822940784
    ]
  },
  "training": {
    "accuracy": [
      0.5946057438850403,
      0.6586370468139648,
      0.6849907636642456,
      0.6944615840911865,
      0.685402512550354,
      0.7045501470565796,
      0.6973440647125244,
      0.7074325680732727,
      0.7045501470565796,
      0.7070208191871643,
      0.7257566452026367,
      0.7601400017738342,
      0.7640518546104431,
      0.7747581005096436,
      0.7784640789031982,
      0.7811406254768372,
      0.7875231504440308,
      0.786493718624115,
      0.8007000088691711,
      0.8190240859985352,
      0.8359069228172302,
      0.8383775949478149,
      0.8385834693908691,
      0.8408482670783997
    ],
    "val_accuracy": [
      0.2994152009487152,
      0.42222222685813904,
      0.3976608216762543,
      0.7274853587150574,
      0.42339181900024414,
      0.6959064602851868,
      0.2982456088066101,
      0.5005847811698914,
      0.5017544031143188,
      0.5356724858283997,
      0.7040935754776001,
      0.5181286334991455,
      0.5204678177833557,
      0.7543859481811523,
      0.6152046918869019,
      0.7134503126144409,
      0.5333333611488342,
      0.5812865495681763,
      0.5754386186599731,
      0.4888888895511627,
      0.7356725335121155,
      0.6175438761711121,
      0.530994176864624,
      0.6315789222717285
    ],
    "loss": [
      12.002840995788574,
      4.113709449768066,
      2.4068210124969482,
      2.0544915199279785,
      2.048356056213379,
      2.0989930629730225,
      2.0721099376678467,
      2.011456251144409,
      2.0396971702575684,
      2.24853777885437,
      2.0831680297851562,
      1.5082073211669922,
      1.451375961303711,
      1.4450323581695557,
      1.4329923391342163,
      1.3445241451263428,
      1.3351963758468628,
      1.382867455482483,
      1.343812108039856,
      1.0678422451019287,
      0.9836294651031494,
      0.952100396156311,
      0.9633181095123291,
      0.9684325456619263
    ],
    "val_loss": [
      8.692378997802734,
      4.271408557891846,
      2.9600579738616943,
      2.1861822605133057,
      2.8223752975463867,
      1.9594227075576782,
      3.6453230381011963,
      2.4146225452423096,
      2.5868980884552,
      2.56318736076355,
      1.9874199628829956,
      1.9897860288619995,
      2.0202746391296387,
      1.3873324394226074,
      1.8930959701538086,
      1.5297179222106934,
      2.8037567138671875,
      2.1443839073181152,
      2.404611587524414,
      2.0744659900665283,
      1.238713026046753,
      1.826213002204895,
      1.8259001970291138,
      1.7311208248138428
    ]
  }
}