{
  "num_samples": 754,
  "num_features": 10,
  "kernel_size": 6,
  "max_dist": 9.089024330428575,
  "ratio": 0.6140906121063531
}