{
  "iterations": [
    0,
    1,
    2,
    3,
    4,
    5
  ],
  "current_scores": [
    0.3098879030952804,
    0.32011016816728183,
    0.3434782913908675,
    0.6139983408711893,
    0.6107440154183605,
    0.6080506496629754
  ],
  "best_scores": [
    0.3098879030952804,
    0.32011016816728183,
    0.3434782913908675,
    0.6139983408711893,
    0.6139983408711893,
    0.6139983408711893
  ],
  "move_types": [
    "start",
    "num_samples",
    "ratio",
    "kernel_size",
    "max_dist",
    "ratio"
  ],
  "tabu_sizes": [
    1,
    2,
    2,
    2,
    2,
    2
  ]
}