{
  "iteration": [
    1,
    2,
    3,
    4,
    5,
    6,
    7,
    8,
    9,
    10
  ],
  "best_score": [
    0.4808017772547915,
    0.482018770671111,
    0.482018770671111,
    0.482018770671111,
    0.482018770671111,
    0.482018770671111,
    0.482018770671111,
    0.482018770671111,
    0.482018770671111,
    0.482018770671111
  ],
  "mean_score": [
    0.4678538817000018,
    0.47897513462040353,
    0.48197296092894265,
    0.482018770671111,
    0.482018770671111,
    0.482018770671111,
    0.482018770671111,
    0.482018770671111,
    0.482018770671111,
    0.482018770671111
  ],
  "std_score": [
    0.008995423293603103,
    0.0024415181294627367,
    0.00012120118540142037,
    0.0,
    0.0,
    0.0,
    0.0,
    0.0,
    0.0,
    0.0
  ]
}