{
  "optimization": {
    "algorithm": "Particle Swarm Optimization",
    "n_particles": 8,
    "n_iterations": 10,
    "best_score": 0.482018770671111,
    "best_parameters": {
      "alpha": 0.5392875581968178,
      "colormap": 2,
      "heatmap_threshold": 0.7,
      "smoothing_sigma": 3.0
    }
  },
  "model_performance": {
    "test_accuracy": 0.7459954023361206,
    "val_accuracy": 0.7543859481811523
  },
  "model_accuracy": {
    "test_accuracy": 0.7459954023361206,
    "test_loss": 1.3693668842315674,
    "per_class_accuracy": {
      "glioma": 0.5266666666666666,
      "meningioma": 0.696078431372549,
      "notumor": 0.9432098765432099,
      "pituitary": 0.75
    },
    "per_class_precision": {
      "glioma": 0.9875,
      "meningioma": 0.4930555555555556,
      "notumor": 0.8304347826086956,
      "pituitary": 0.8687258687258688
    },
    "per_class_f1": {
      "glioma": 0.6869565217391305,
      "meningioma": 0.5772357723577236,
      "notumor": 0.8832369942196532,
      "pituitary": 0.8050089445438283
    },
    "macro_avg_precision": 0.79492905172253,
    "macro_avg_recall": 0.7289887436456064,
    "macro_avg_f1": 0.738109558215084,
    "confusion_matrix": [
      [
        158,
        125,
        6,
        11
      ],
      [
        1,
        213,
        71,
        21
      ],
      [
        1,
        20,
        382,
        2
      ],
      [
        0,
        74,
        1,
        225
      ]
    ]
  }
}